iter	RMSE
0	2.969521776
1	2.876653882
2	2.838718866
3	2.80287509
4	2.78999566
5	2.774943932
6	2.771912807
7	2.764979214
8	2.76495883
9	2.763061725
10	2.762577936
11	2.751590227
12	2.751345933
13	2.744563355
14	2.744325678
15	2.742314239
16	2.741914358
17	2.739938758
18	2.73842966
19	2.738359149
